Date:,Title:,Year:,Director:,Rating: ,,,
3/29/18,Chicago,2002,Rob Marshall,1.5,,,
3/29/18,There Will Be Blood,2007,Paul Thomas Anderson,5,,,
4/3/18,Inception,2010,Christopher Nolan,4,,,
4/4/18,Slumdog Millionaire,2008,Danny Boyle,3,,,
4/5/18,No Country For Old Men,2007,"Ethan Coen, Joel Coen",3.5,,,
4/6/18,A Beautiful Mind,2001,Ron Howard,3.5,,,
4/6/18,The Shawshank Redemption,1994,Frank Darabont,4.5,,,
4/8/18,The Wolf of Wall Street,2013,Martin Scorsese,3.5,,,
4/14/18,Whiplash,2014,Damien Chazelle,2.5,,,
4/21/18,Walk Hard: The Dewey Cox Story,2007,Jake Kasdan,3.5,,,
5/18/18,The Matrix,1999,"Lilly Wachowski, Lana Wachowski",3,,,
5/21/18,Back to the Future,1985,Robert Zemeckis,3.5,,,
5/23/18,Chinatown,1974,Roman Polanski,4,,,
5/25/18,Good Will Hunting,1997,Gus Van Sant,2.5,,,
5/28/18,12 Years a Slave,2013,Steve McQueen,4.5,,,
5/31/18,Fight Club,1999,David Fincher,2,,,
6/4/18,Lincoln,2012,Steven Spielberg,2.5,,,
6/12/18,The Silence of the Lambs,1991,Jonathan Demme,3.5,,,
6/13/18,Pi,1998,Darren Aronofsky,3.5,,,
6/15/18,Seven Samurai,1954,Akira Kurosawa,4,,,
6/16/18,Friday the 13th,1980,Sean S. Cunningham,1.5,,,
6/18/18,Dunkirk,2017,Christopher Nolan,4,,,
6/21/18,Brokeback Mountain,2005,Ang Lee,4,,,
6/22/18,Atonement,2007,Joe Wright,3,,,
6/22/18,Platoon,1986,Oliver Stone,4,,,
6/23/18,The Green Mile,1999,Frank Darabont,4,,,
6/28/18,Casablanca,1942,Michael Curtiz,3.5,,,
6/29/18,Little Miss Sunshine,2006,"Valerie Faris, Jonathan Dayton",4,,,
6/30/18,Apocalypse Now,1979,Francis Ford Coppola,4.5,,,
7/2/18,Gladiator,2000,Ridley Scott,3.5,,,
7/3/18,Alien,1979,Ridley Scott,4,,,
7/7/18,Aliens,1986,James Cameron,4.5,,,
7/8/18,The Assassination of Jesse James By the Coward Robert Ford,2007,Andrew Dominik,3,,,
7/9/18,How to Train Your Dragon,2010,"Dean DeBlois, Chris Sanders",2.5,,,
7/14/18,West Side Story,1961,"Jerome Robbins, Robert Wise",1.5,,,
7/15/18,Avatar,2009,James Cameron,2.5,,,
7/16/18,Back to the Future Part II,1989,Robert Zemeckis,2.5,,,
7/18/18,Being John Malkovich,1999,Spike Jonze,3.5,,,
7/19/18,Crazy Heart,2009,Scott Cooper,3,,,
7/20/18,The Wizard of Oz,1939,Victor Fleming,2.5,,,
7/20/18,It,2017,Andres Muschietti,4,,,
7/21/18,Logan,2017,James Mangold,3,,,
7/22/18,Lady Bird,2017,Greta Gerwig,3,,,
7/23/18,Blue Velvet,1986,David Lynch,3,,,
7/25/18,The Florida Project,2017,Sean Baker,3,,,
7/25/18,Inside Llewyn Davis,2013,"Ethan Coen, Joel Coen",3.5,,,
7/26/18,The Deer Hunter,1978,Michael Cimino,5,,,
7/27/18,Superbad,2007,Greg Mottola,2.5,,,
7/28/18,The Terminator,1984,James Cameron,3.5,,,
7/28/18,Silence,2016,Martin Scorsese,4,,,
7/29/18,The Hurt Locker,2008,Kathryn Bigelow,2.5,,,
8/1/18,Jaws,1975,Steven Spielberg,2,,,
8/1/18,American Beauty,1999,Sam Mendes,3,,,
8/2/18,The Darkest Minds,2018,Jennifer Yuh Nelson,1.5,,,
8/3/18,Saving Private Ryan,1998,Steven Spielberg,2.5,,,
8/4/18,The Graduate,1967,Mike Nichols,3.5,,,
8/5/18,12 Monkeys,1995,Terry Gilliam,3,,,
8/6/18,"Three Billboards Outside Ebbing, Missouri",2017,Martin McDonagh,4,,,
8/7/18,Sweeney Todd: The Demon Barber of Fleet Street,2007,Tim Burton,2.5,,,
8/9/18,Interstellar,2014,Christopher Nolan,3.5,,,
8/11/18,The Last of the Mohicans,1992,Michael Mann,3.5,,,
8/11/18,A.I. Artificial Intelligence,2001,Steven Spielberg,2,,,
8/12/18,Manchester by the Sea,2016,Kenneth Lonergan,2.5,,,
8/13/18,Mulholland Drive,2001,David Lynch,3.5,,,
8/14/18,Ran,1985,Akira Kurosawa,4.5,,,
8/16/18,A Clockwork Orange,1971,Stanley Kubrick,4,,,
8/17/18,Badlands,1973,Terrence Malick,3.5,,,
8/17/18,Fantastic Planet,1973,Rene Laloux,4.5,,,
8/20/18,Three Colours: Blue,1993,Krzysztof Kieślowski,2.5,,,
8/28/18,Tokyo Story,1953,Yasujiro Ozu,2,,,
9/1/18,Mission Impossible: Fallout,2018,Christopher McQuarrie,4.5,,,
9/2/18,The Gold Rush,1925,Charlie Chaplin,2.5,,,
9/7/18,Akira,1988,Katsuhiro Otomo,3.5,,,
9/11/18,This is Spinal Tap,1984,Rob Reiner,4.5,,,
9/13/18,Her,2013,Spike Jonze,2,,,
9/15/18,The Thin Red Line,1998,Terrence Malick,3.5,,,
9/15/18,Terminator 2: Judgement Day,1991,James Cameron,3,,,
9/16/18,Mission Impossible: Rogue Nation,2015,Christopher McQuarrie,3.5,,,
9/21/18,Deliverance,1972,John Boorman,3.5,,,
9/30/18,Metropolis,1927,Fritz Lang,3.5,,,
10/6/18,Mission: Impossible,1996,Brian De Palma,2.5,,,
10/7/18,Mission Impossible: Ghost Protocol,2011,Brad Bird,4,,,
10/9/18,2001: A Space Odyssey,1968,Stanley Kubrick,3.5,,,
10/16/18,M,1931,Fritz Lang,3,,,
11/1/18,The Dark Knight,2008,Christopher Nolan,4.5,,,
11/2/18,Black Swan,2010,Darren Aronofsky,4,,,
11/13/18,Gangs of New York,2002,Martin Scorsese,2.5,,,
11/15/18,Gravity,2013,Alfonso Cuaron,4,,,
11/16/18,The Departed,2006,Martin Scorsese,3.5,,,
11/17/18,Modern Times,1936,Charlie Chaplin,2.5,,,
11/18/18,Inside Out,2015,Pete Docter,1.5,,,
11/18/18,Days of Heaven,1978,Terrence Malick,5,,,
11/19/18,Call Me By Your Name,2017,Luca Guadagnino,4,,,
11/20/18,Mission Impossible II,2000,John Woo,2,,,
11/21/18,They Live,1988,John Carpenter,2.5,,,
11/21/18,The Secret of NIMH,1982,Don Bluth,3,,,
11/21/18,Midnight Cowboy,1969,John Schlesinger,4.5,,,
11/22/18,Office Space,1999,Mike Judge,4,,,
11/24/18,The Thing,1982,John Carpenter,4.5,,,
11/24/18,The Curious Case of Benjamin Button,2008,David Fincher,2.5,,,
11/26/18,Airplane!,1980,"David Zucker, Jim Abrahams, Jerry Zucker",3,,,
12/4/18,Gandhi,1982,Richard Attenborough,2.5,,,
12/5/18,La La Land,2016,Damien Chazelle,2.5,,,
12/7/18,The Bridge on the River Kwai,1957,David Lean,4,,,
12/9/18,Lawrence of Arabia,1962,David Lean,3,,,
12/12/18,Moonrise Kingdom,2012,Wes Anderson,3.5,,,
12/15/18,Shaun of the Dead,2004,Edgar Wright,2,,,
12/17/18,Mission: Impossible III,2006,J.J. Abrams,2.5,,,
12/17/18,Logan's Run,1976,Michael Anderson,3.5,,,
12/18/18,Kill Bill: Volume 1,2003,Quentin Tarantino,3,,,
12/18/18,Cool Hand Luke,1967,Stuart Rosenberg,3,,,
12/19/18,The Martian,2015,Ridley Scott,3,,,
12/19/18,Magnolia,1999,Paul Thomas Anderson,4,,,
12/20/18,M*A*S*H,1970,Robert Altman,2.5,,,
12/21/18,Barry Lyndon,1975,Stanley Kubrick,4.5,,,
12/22/18,Bonnie and Clyde,1967,Arthur Penn,4,,,
12/23/18,The Usual Suspects,1995,Bryan Singer,2.5,,,
12/24/18,It's a Wonderful Life,1946,Frank Capra,1.5,,,
12/25/18,Cabaret,1972,Bob Fosse,4,,,
12/26/18,"The Good, the Bad and the Ugly",1966,Sergio Leone,4,,,
12/27/18,Groundhog Day,1993,Harold Ramis,4,,,
12/27/18,Carrie,1976,Brian De Palma,3,,,
12/28/18,Dog Day Afternoon,1975,Sidney Lumet,3,,,
12/29/18,American Psycho,2000,Mary Harron,2.5,,,
12/29/18,Year One,2009,Harold Ramis,2.5,,,
12/31/18,Raging Bull,1980,Martin Scorsese,3.5,,,
1/2/19,Moonlight,2016,Barry Jenkins,3.5,,,
1/6/19,Hugo,2011,Martin Scorsese,2,,,
1/11/19,V for Vendetta,2005,James McTeigue,2,,,
1/13/19,Boogie Nights,1997,Paul Thomas Anderson,3.5,,,
1/16/19,Fargo,1996,"Ethan Coen, Joel Coen",4,,,
1/16/19,GoodFellas,1990,Martin Scorsese,3,,,
1/17/19,The Shining,1980,Stanley Kubrick,4.5,,,
1/20/19,Some Like It Hot,1959,Billy Wilder,3,,,
1/20/19,Annihilation,2018,Alex Garland,3.5,,,
1/24/19,Brazil,1985,Terry Gilliam,2,,,
1/27/19,Isle of Dogs,2018,Wes Anderson,3.5,,,
2/1/19,BlacKkKlansman,2018,Spike Lee,3.5,,,
2/2/19,The Prestige,2006,Christopher Nolan,2.5,,,
2/3/19,The Shape of Water,2017,Guillermo del Toro,2.5,,,
2/4/19,Grizzly Man,2005,Werner Herzog,4.5,,,
2/7/19,Tomb Raider,2018,Roar Uthaug,2,,,
2/9/19,Zodiac,2007,David Fincher,3,,,
2/10/19,Chungking Express,1994,Wong Kar-wai,4,,,
2/15/19,The Handmaiden,2016,Park Chan-wook,3,,,
2/17/19,All the President's Men,1976,Alan J. Pakula,3.5,,,
2/21/19,Wonder Woman,2017,Patty Jenkins,2.5,,,
2/25/19,Stalker,1979,Andrei Tarkovsky,2.5,,,
2/28/19,12 Angry Men,1957,Sidney Lumet,3.5,,,
3/3/19,Fantasic Mr. Fox,2009,Wed Anderson,4,,,
3/5/19,A Star is Born,2018,Bradley Cooper,3.5,,,
3/10/19,Big Fish,2003,Tim Burton,2.5,,,
3/15/19,Corpse Bride,2005,Tim Burton,2.5,,,
3/16/19,In the Name of the Father,1993,Jim Sheridan,2.5,,,
3/16/19,Dawn of the Dead,2004,Zack Snyder,3,,,
3/23/19,Us,2019,Jordan Peele,3,,,
3/24/19,Memento,2000,Christopher Nolan,4,,,
3/27/19,Adaptation,2002,Spike Jonze,3.5,,,
3/30/19,Eraserhead,1978,David Lynch,4,,,
3/31/19,Run Lola Run,1998,Tom Tykwer,3,,,
4/1/19,Rashomon,1950,Akira Kurosawa,2.5,,,
4/2/19,Life Itself,2014,Steve James,3.5,,,
4/2/19,Cold War,2018,Paweł Pawlikowski,2.5,,,
4/3/19,True Grit,2010,"Ethan Coen, Joel Coen",3,,,
4/3/19,Suspiria,1977,Dario Argento,4.5,,,
4/4/19,Samsara,2011,Ron Fricke,4,,,
4/4/19,Donnie Darko,2001,Richard Kelly,4,,,
4/5/19,The Seventh Seal,1957,Ingmar Bergman,4,,,
4/5/19,The Evil Dead,1981,Sam Raimi,1,,,
11/30/18,The Grand Budapest Hotel,2014,Wes Anderson,3,,,
4/6/19,Delicatessen,1991,"Jean-Pierre Jeunet, Marc Caro",2,,,
4/6/19,"Aguirre, The Wrath of God",1972,Werner Herzog,4,,,
4/12/19,"Paris, Texas",1984,Wim Wenders,3,,,
4/13/19,Green Book,2018,Peter Farrelly,3,,,
4/14/19,Predator,1987,John McTiernan,2.5,,,
4/21/19,In the Mood for Love,2000,Wong Kar-wai,2.5,,,
4/26/19,An American Werewolf in London,1981,John Landis,3,,,
4/28/19,Yi Yi,2000,Edward Yang,3.5,,,
4/30/19,House of Flying Daggers,2004,Zhang Yimou,2,,,
5/3/19,Ghost in the Shell,1995,Mamoru Oshii,3,,,
5/4/19,The Thin Blue Line,1988,Errol Morris,2,,,
5/6/19,Reservoir Dogs,1992,Quentin Tarantino,3,,,
5/8/19,Annie Hall,1977,Woody Allen,4.5,,,
5/9/19,Crazy Rich Asians,2018,Jon Chu,3,,,
5/11/19,Amélie,2001,Jean-Pierre Jeunet,1.5,,,
5/11/19,Dawn of the Dead,1978,George A. Romero,2,,,
5/11/19,Battle Royale,2000,Kinji Fukasaku,2,,,
5/12/19,Andrei Rublev,1966,Andrei Tarkovsky,3.5,,,
5/13/19,Oldboy,2003,Park Chan-wook,2.5,,,
5/19/19,Black Narcissus,1947,"Michael Powell, Emeric Pressburger",3.5,,,
5/20/19,Loving Vincent,2017,"Dorota Kobiela, Hugh Welchman",4,,,
5/21/19,The Cabinet of Dr. Caligari,1920,Robert Wiene,2,,,
5/21/19,Detective Pikachu,2019,Rob Letterman,2.5,,,
5/22/19,The Hunt,2012,Thomas Vinterberg,3.5,,,
5/23/19,Ikiru,1952,Akira Kurosawa,3,,,
5/23/19,Monster,2003,Patty Jenkins,4,,,
5/24/19,Full Metal Jacket,1987,Stanley Kubrick,4.5,,,
5/25/19,The Last Emperor,1987,Bernardo Bertolucci,3.5,,,
5/28/19,Bicycle Thieves,1948,Vittorio De Sica,2.5,,,
5/29/19,Eyes Wide Shut,1999,Stanley Kubrick,3.5,,,
5/30/19,Legends of the Fall,1994,Edward Zwick,2.5,,,
5/30/19,A Knight's Tale,2001,Brian Helgeland,3.5,,,
5/31/19,Paths of Glory,1957,Stanley Kubrick,4,,,
6/2/19,The English Patient,1996,Athony Minghella,2.5,,,
6/2/19,The Red Shoes,1948,"Michael Powell, Emeric Pressburger",4.5,,,
6/3/19,Pulp Fiction,1994,Quentin Tarantino,4.5,,,
6/4/19,Persona,1966,Ingmar Bergman,2.5,,,
6/5/19,Contempt,1963,Jean-Luc Godard,2.5,,,
6/5/19,Drive,2011,Nicolas Winding Refn,3.5,,,
6/6/19,Wanda,1970,Barbara Loden,3,,,
6/6/19,Spotlight,2015,Tom McCarthy,3,,,
6/7/19,Blue is the Warmest Color,2013,Abdellatif Kechiche,3.5,,,
6/8/19,Wildlife,2018,Paul Dano,2.5,,,
6/9/19,Nanook of the North,1922,Robert Flaherty,3.5,,,
6/9/19,Die Hard,1988,John McTiernan,3.5,,,
6/10/19,The Night of the Hunter,1955,Charles Laughton,2.5,,,
6/11/19,Rango,2011,Gore Verbinski,2,,,
6/12/19,Solaris,1972,Andrei Tarkovsky,3,,,
6/12/19,Harold and Maude,1971,Hal Ashby,3,,,
6/14/19,The Battle of Algiers,1966,Gillo Pontecorvo,4,,,
6/14/19,Ghost in the Shell,2017,Rupert Sanders,2.5,,,
6/15/19,Wild Strawberries,1957,Ingmar Bergman,3.5,,,
6/16/19,Three Colours: White,1994,Krzysztof Kieślowski,2.5,,,
6/17/19,Le Samouraï,1967,Jean-Pierre Meville,3,,,
6/18/19,The Adventures of Tintin: The Secret of the Unicorn,2011,Steven Spielberg,3,,,
6/19/19,The Passion of Joan of Arc,1928,Carl Theodore Dreyer,1.5,,,
6/19/19,Punch-Drunk Love,2002,Paul Thomas Anderson,2.5,,,
6/20/19,Evil Dead 2,1987,Sam Raimi,1.5,,,
6/21/19,The Virgin Suicides,1999,Sofia Coppola,4,,,
6/22/19,Taxi Driver,1976,Martin Scorsese,3.5,,,
6/23/19,Fanny and Alexander,1982,Ingmar Bergman,4.5,,,
6/23/19,Seven,1995,David Fincher,4,,,
6/25/19,Unforgiven,1992,Clint Eastwood,2.5,,,
6/25/19,The Tree of Life,2011,Terrence Malick,2.5,,,
6/26/19,Diabolique,1955,Henri-Georges Clouzot,3.5,,,
6/26/19,Batman Begins,2005,Christopher Nolan,3,,,
6/27/19,Léon: The Professional,1994,Luc Besson,3.5,,,
6/28/19,Battleship Potemkin,1925,Sergei Eistenstein,2.5,,,
6/28/19,The Third Man,1949,Carol Reed,3.5,,,
6/28/19,The Wicker Man,1973,Robin Hardy,3,,,
6/29/19,Wings of Desire,1987,Wim Wenders,2.5,,,
6/30/19,The Wages of Fear,1953,Henri-Georges Clouzot,4.5,,,
6/30/19,Three Colours: Red,1994,Krzysztof Kieślowski,2,,,
7/1/19,8½,1963,Federico Fellini,1.5,,,
7/1/19,Easy Rider,1969,Dennis Hopper,3.5,,,
7/2/19,Midsommar,2019,Ari Aster,2,,,
7/3/19,Eyes Without a Face,1960,Georges Franju,3,,,
7/4/19,Avengers: Endgame,2019,"Anthony Russo, Joe Russo",3.5,,,
7/4/19,The 39 Steps,1935,Alfred Hitchcock,3,,,
7/4/19,Watership Down,1978,"Martin Rosen, John Hubley",2.5,,,
7/5/19,Koyaanisqatsi,1982,Godfrey Reggio,3,,,
7/5/19,Moon,2009,Duncan Jones,4,,,
7/6/19,Pinocchio,1940,"Hamilton Luske, Ben Sharpsteen, Wilfred Jackson, Norm Ferguson, Jack Kinney, T. Hee, Bill Roberts",3,,,
7/6/19,Blair Witch Project,1999,"Eduardo Sánchez, Daniel Myrick",4,,,
7/7/19,Y Tu Mamá También,2001,Alfonso Cuarón,4,,,
7/8/19,Melancholia,2011,Lars von Trier,2.5,,,
7/8/19,Risky Business,1983,Paul Brickman,2.5,,,
7/9/19,Hotel Rwanda,2004,Terry George,3.5,,,
7/10/19,Nightcrawler,2014,Dan Gilroy,3.5,,,
7/11/19,Bowling for Columbine,2002,Michael Moore,3.5,,,
7/11/19,Shakespeare in Love,1998,John Madden,2.5,,,
7/13/19,Young Frankenstein,1974,Mel Brooks,3.5,,,
7/14/19,District 9,2009,Neill Blomkamp,3.5,,,
7/15/19,King Kong,1933,"Merian C. Cooper, Ernest B. Schoedsack",3,,,
7/15/19,The Artist,2011,Michel Hazanavicius,3.5,,,
7/16/19,Fitzcarraldo,1982,Werner Herzog,3.5,,,
7/17/19,The Adventures of Robin Hood,1938,"Michael Curtiz, William Keighley",3.5,,,
7/18/19,Do the Right Thing,1989,Spike Lee,4.5,,,
7/18/19,Children of Men,2006,Alfonso Cuarón,3,,,
7/19/19,Double Indemnity,1944,Billy Wilder,3,,,
7/19/19,Sin City,2005,"Quentin Tarantino, Frank Miller, Robert Rodriguez",2,,,
7/20/19,Breakfast at Tiffany's,1961,Blake Edwards,1.5,,,
7/20/19,The Big Lebowski,1998,"Ethan Coen, Joel Coen",3.5,,,
7/21/19,Goldfinger,1964,Guy Hamilton,2.5,,,
7/21/19,Eternal Sunshine of the Spotless Mind,2004,Michel Gondry,3,,,
7/22/19,Spider-Man: Homecoming,2017,Jon Watts,2,,,
7/22/19,Pan's Labyrinth,2006,Guillermo del Toro,3,,,
7/23/19,The Social Network,2010,David Fincher,3.5,,,
7/23/19,The Wrestler,2008,Darren Aronofsky,4,,,
7/24/19,Roman Holiday,1953,William Wyler,3,,,
7/24/19,28 Days Later,2002,Danny Boyle,2,,,
7/25/19,The Naked Gun: From the Files of Police Squad!,1988,David Zucker,2,,,
7/25/19,Once Upon a Time In Hollywood,2019,Quentin Tarantino,3,,,
7/26/19,Nosferatu,1922,F. W. Murnau,2,,,
7/26/19,Looper,2012,Rian Johnson,2.5,,,
7/27/19,Dark City,1998,Alex Proyas,2.5,,,
8/1/19,City Lights,1931,Charlie Chaplin,2,,,
8/1/19,Singin' in the Rain,1952,"Gene Kelly, Stanley Donen",2.5,,,
8/2/19,The 400 Blows,1959,François Truffaut,3.5,,,
8/2/19,A River Runs Through It,1992,Robert Redford,2.5,,,
8/3/19,The Master,2012,Paul Thomas Anderson,2.5,,,
8/4/19,Finders Keepers,2015,"Bryan Carberry, J. Clay Tweel",3.5,,,
8/4/19,Stand By Me,1986,Rob Reiner,4,,,
8/5/19,Thelma & Louise,1991,Ridley Scott,3.5,,,
8/6/19,Breathless,1960,Jean-Luc Godard,3.5,,,
8/6/19,Star Trek II: The Wrath of Khan,1982,Nicholas Meyer,3,,,
8/7/19,The Great Escape,1963,John Sturges,4,,,
8/8/19,Dr. Strangelove,1964,Stanley Kubrick,3.5,,,
8/8/19,Crash,2005,Paul Haggis,3,,,
8/9/19,The Farewell,2019,Lulu Wang,3.5,,,
8/10/19,Lost in Translation,2003,Sofia Coppola,2.5,,,
8/11/19,The Great Beauty,2013,Paolo Sorrentino,2,,,
8/11/19,One Flew Over the Cuckoo's Nest,1975,Miloš Forman,3.5,,,
8/12/19,We Need to Talk About Kevin,2011,Lynne Ramsay,3,,,
8/13/19,Heaven's Gate,1980,Michael Cimino,2.5,,,
8/14/19,On the Waterfront,1954,Elia Kazan,2.5,,,
8/14/19,American History X,1998,Tony Kaye,3.5,,,
8/15/19,A Cat in Paris,2010,"Alain Gagnol, Jean-Loup Felicioli",3,,,
8/15/19,L.A. Confidential,1997,Curtis Hanson,3,,,
8/17/19,Gattaca,1997,Andrew Niccol,2.5,,,
8/17/19,The Spectacular Now,2013,James Ponsoldt,1.5,,,
8/18/19,The Iron Giant,1999,Brad Bird,3.5,,,
8/18/19,The Exorcist,1973,William Friedkin,2.5,,,
8/19/19,Jiro Dreams of Sushi,2011,David Gelb,3,,,
8/20/19,Boyhood,2014,Richard Linklater,3.5,,,
8/21/19,Thor: Ragnarok,2017,Taika Waititi,2,,,
8/21/19,Schindler's List,1993,Steven Spielberg,4,,,
8/22/19,The Hangover,2009,Todd Phillips,3.5,,,
8/22/19,Roma,2018,Alfonso Cuarón,3,,,
8/23/19,Scream,1996,Wes Craven,2.5,,,
8/25/19,Jackie Brown,1997,Quentin Tarantino,4,,,
8/26/19,Coraline,2009,Henry Selick,3,,,
8/26/19,Under the Skin,2013,Jonathan Glazer,3.5,,,
8/27/19,Enemy,2013,Denis Villeneuve,2.5,,,
8/28/19,"Synecdoche, New York",2008,Charlie Kaufman,2,,,
8/28/19,A Separation,2011,Asghar Farhadi,3.5,,,
8/29/19,The King's Speech,2010,Tom Hooper,3,,,
8/29/19,Star Wars: The Last Jedi,2017,Rian Johnson,2,,,
8/30/19,Carol,2015,Todd Haynes,3,,,
8/30/19,Network,1976,Sidney Lumet,3,,,
8/31/19,Caddyshack,1980,Harold Ramis,1.5,,,
8/31/19,The Godfather,1972,Francis Ford Coppola,3.5,,,
9/1/19,Rain Man,1988,Barry Levinson,3,,,
9/1/19,Rocky,1976,John G. Avildsen,4.5,,,
9/2/19,The Ballad of Buster Scruggs,2018,"Ethan Coen, Joel Coen",3.5,,,
9/2/19,Coco,2017,"Lee Unkrich, Adrian Molina",2.5,,,
9/3/19,Monty Python's Life of Brian,1979,Terry Jones,3.5,,,
9/3/19,Mean Streets,1973,Martin Scorsese,2.5,,,
9/4/19,The Fellowship of the Ring,2001,Peter Jackson,5,,,
9/4/19,In Bruges,2008,Martin McDonagh,2.5,,,
9/5/19,Gremlins,1984,Joe Dante,2.5,,,
9/5/19,Black Panther,2018,Ryan Coogler,3,,,
9/6/19,Snowpiercer,2013,Bong Joon Ho,2,,,
9/7/19,Avengers: Infinity War,2018,Anthony Russo  ,2.5,,,
9/7/19,Mudbound,2017,Dee Rees,3.5,,,
9/8/19,The Two Towers,2002,Peter Jackson,4.5,,,
9/9/19,Mystic River,2003,Clint Eastwood,3,,,
9/9/19,The Princess and the Frog,2009,"John Musker, Ron Clements",4,,,
9/9/19,300,2006,Zack Snyder,2,,,
9/10/19,Millenium Actress,2001,Satoshi Kon,2.5,,,
9/10/19,Fear and Loathing in Las Vegas,1998,Terry Gilliam,2,,,
9/11/19,Amy,2015,Asif Kapadia,2.5,,,
9/11/19,Spider-Man: Into the Spider-Verse,2018,"Peter Ramsey, Bob Persichetti, Rodney Rothman",4,,,
9/12/19,Scott Pilgrim vs. the World,2010,Edgar Wright,1.5,,,
9/12/19,The Godfather Part II,1974,Francis Ford Coppola,3.5,,,
9/13/19,The Dark Crystal,1982,"Jim Henson, Frank Oz",2.5,,,
9/13/19,The Lives of Others,2006,Florian Henckel von Donnersmarck,3,,,
9/14/19,A Fish Called Wanda,1988,Charles Crichton,3.5,,,
9/14/19,Kill Bill: Volume 2,2004,Quentin Tarantino,3.5,,,
9/15/19,The Goonies,1985,Richard Donner,3,,,
9/15/19,The Witch,2015,Robert Eggers,3.5,,,
9/16/19,Blazing Saddles,1974,Mel Brooks,2.5,,,
9/16/19,The Triplets of Belleville,2003,Sylvain Chomet,2.5,,,
9/17/19,An American Tail,1986,Don Bluth,2,,,
9/17/19,Wayne's World,1992,Penelope Spheeris,2,,,
9/18/19,Close Encounters of the Third Kind,1977,Steven Spielberg,1.5,,,
9/18/19,The Lord of the Rings: The Return of the King,2003,Peter Jackson,5,,,
9/18/19,A History of Violence,2005,David Cronenberg,3.5,,,
9/19/19,His Girl Friday,1940,Howard Hawks,4,,,
9/19/19,Anomalisa,2015,"Charlie Kaufman, Duke Johnson",1.5,,,
9/19/19,The Killing,1956,Stanley Kubrick,3.5,,,
9/20/19,Harakiri,1962,Masaki Kobayashi,4.5,,,
9/21/19,The Aristocats,1970,Wolfgang Reitherman,3.5,,,
9/21/19,The Act of Killing,2012,Joshua Oppenheimer,2.5,,,
9/22/19,Apollo 13,1995,Ron Howard,2,,,
10/11/19,Hereditary,2018,Ari Aster,2.5,,,
10/20/19,Invasion of the Body Snatchers,1956,Don Siegel,2.5,,,
10/21/19,Halloween,1978,John Carpenter,2.5,,,
10/23/19,The Texas Chain Saw Massacre,1974,Tobe Hooper,3.5,,,
10/26/19,The Descent,2005,Neil Marshall,3,,,
11/4/19,Sunset Boulevard,1950,Billy Wilder,3,,,
11/5/19,A Nightmare on Elm Street,1984,Wes Craven,2.5,,,
11/7/19,Let the Right One In,2008,Tomas Alfredson,3,,,
11/10/19,Parasite,2019,Bong Joon Ho,3.5,,,
11/11/19,Amores Perros,2000,Alejandro González Iñárritu,2.5,,,
11/15/19,Dirty Harry,1971,Don Siegel,3.5,,,
11/17/19,Rosemary's Baby,1968,Roman Polanski,3,,,
11/20/19,Million Dollar Baby,2004,Clint Eastwood,2.5,,,
11/24/19,The African Queen,1951,John Huston,2,,,
11/27/19,Joker,2019,Todd Phillips,5,,,
11/28/19,First Blood,1982,Ted Kotcheff,2.5,,,
11/29/19,Mad Max 2: The Road Warrior,1981,George Miller,2.5,,,
11/30/19,Deadpool,2016,Tim Miller,3,,,
12/3/19,Trainspotting,1996,Danny Boyle,3,,,
12/4/19,Gully Boy,2019,Zoya Akhtar,3.5,,,
12/5/19,When Harry Met Sally,1989,Rob Reiner,3.5,,,
12/8/19,Ida,2013,Paweł Pawlikowski,2.5,,,
12/10/19,The Host,2006,Bong Joon Ho,1,,,
12/12/19,The Apartment,1960,Billy Wilder,3.5,,,
12/12/19,ThanksKilling,2008,Jordan Downey,3.5,,,
12/14/19,Fantasia,1940,Wilfred Jackson et al,3.5,,,
12/14/19,A Christmas Story,1983,Bob Clark,2,,,
12/14/19,Dumbo,1941,"Ben Sharpsteen, Wilfred Jackson, Norm Ferguson, Jack Kinney, Samuel Armstrong, Bill Roberts, John Elliotte",2.5,,,
12/15/19,Mary Poppins,1964,Robert Stevenson,2,,,
12/15/19,Tarzan,1999,"Chris Buck, Kevin Lima",3,,,
12/16/19,Tokyo Godfathers,2003,Satoshi Kon,2,,,
12/16/19,City of God,2002,"Fernando Meirelles, Kátia Lund",4.5,,,
12/17/19,The Aviator,2004,Martin Scorsese,2.5,,,
12/17/19,Bambi,1942,"David Hand, James Algar, Samuel Armstrong, Bill Roberts, Paul Satterfield, Graham Heid, Norman Wright",4,,,
12/18/19,Life is Beautiful,1999,Roberto Benigni,3,,,
12/18/19,The Secret of Kells,2009,"Tomm Moore, Nora Twomey",3,,,
12/19/19,Lady and the Tramp,1955,"Clyde Geronimi, Hamilton Luske, Wilfred Jackson",3.5,,,
12/19/19,American Honey,2016,Andrea Arnold,3.5,,,
12/20/19,Dogtooth,2009,Yorgos Lanthimos,2.5,,,
12/20/19,The Nightmare Before Christmas,1993,Henry Selick,3,,,
12/20/19,The Elephant Man,1980,David Lynch,3.5,,,
12/21/19,Baby Driver,2017,Edgar Wright,2,,,
12/21/19,Spirited Away,2001,Hayao Miyazaki,3.5,,,
12/21/19,King Kong,2005,Peter Jackson,3.5,,,
12/23/19,The Prince of Egypt,1998,"Brenda Chapman, Simon Wells, Steve Hickner",2.5,,,
12/23/19,Into the Wild,2007,Sean Penn,3,,,
12/24/19,Fantasia 2000,1999,"Eric Goldberg, James Algar, Don Hahn, Gaëtan Brizzi, Hendel Butoy, Pixote Hunt, Francis Glebas, Paul Brizzi",3,,,
12/24/19,Who Framed Roger Rabbit,1988,Robert Zemeckis,3,,,
12/25/19,To Kill a Mockingbird,1962,Robert Mulligan,3,,,
12/25/19,Silver Linings Playbook,2012,David Russell,2,,,
12/26/19,Paprika,2006,Satoshi Kon,2,,,
12/26/19,Perfect Blue,1997,Satoshi Kon,4,,,
12/27/19,Almost Famous,2000,Cameron Crowe,3.5,,,
12/28/19,Spirit: Stallion of the Cimarron,2002,"Kelly Asbury, Lorna Cook",3.5,,,
12/28/19,Suspiria,2018,Luca Guadagnino,2.5,,,
12/29/19,Memories of Murder,2003,Bong Joon Ho,4,,,
12/29/19,The Last Samurai,2003,Edward Zwick,3,,,
12/30/19,Moana,2016,"Ron Clements, John Musker",1.5,,,
1/1/20,Guardians of the Galaxy,2014,James Gunn,2.5,,,
1/1/20,Star Wars: Episode IV - A New Hope,1977,George Lucas,3.5,,,
1/2/20,Kiki's Delivery Service,1989,Hayao Miyazaki,3.5,,,
1/3/20,Free Solo,2018,"Jimmy Chin, Elizabeth Chai Vasarhelyi",3,,,
1/3/20,The Little Mermad,1989,"Ron Clements, John Musker",3,,,
1/3/20,Toy Story,1995,John Lasseter,3.5,,,
1/4/20,Star Wars: Episode V – The Empire Strikes Back,1980,Irvin Kershner,2.5,,,
1/5/20,It Happened One Night,1934,Frank Capra,3,,,
1/6/20,Tangerine,2015,Sean Baker,4,,,
1/8/20,The Last Picture Show,1971,Peter Bogdanovich,3,,,
1/9/20,The Plague Dogs,1982,"Martin Rosen, John Hubley",3,,,
1/11/20,Skyfall,2012,Sam Mendes,3.5,,,
1/11/20,Ex Machina,2014,Alex Garland,3.5,,,
1/12/20,First Reformed,2017,Paul Schrader,2.5,,,
1/13/20,The Discrete Charm of the Bourgeoisie,1972,Luis Buñuel,2.5,,,
1/15/20,Mr. Smith Goes to Washington,1939,Frank Capra,2,,,
1/17/20,Minority Report,2002,Steven Spielberg,1.5,,,
1/18/20,Invasion of the Body Snatchers,1978,Philip Kaufman,2.5,,,
1/21/20,A Fistful of Dollars,1964,Sergio Leone,2,,,
1/23/20,The Help,2011,Tate Taylor,3.5,,,
1/25/20,Mother!,2017,Darren Aronofsky,2,,,
1/26/20,1917,2019,Sam Mendes,4.5,,,
1/28/20,Snatch,2000,Guy Ritchie,3,,,
1/29/20,Gone With the Wind,1939,Victor Fleming,3.5,,,
1/30/20,For a Few Dollars More,1965,Sergio Leone,2.5,,,
2/1/20,The Revenant,2015,Alejandro González Iñárritu,4.5,,,
2/2/20,Moonstruck,1987,Norman Jewison,2.5,,,
2/5/20,Batman,1989,Tim Burton,2.5,,,
2/6/20,The Royal Tenenbaums,2001,Wes Anderson,3.5,,,
2/9/20,Serpico,1973,Sidney Lumet,2.5,,,
2/12/20,The Passion of Christ,2004,Mel Gibson,2,,,
2/14/19,Midnight in Paris,2011,Woody Allen,2.5,,,
2/15/20,Before Sunrise,1995,Richard Linklater,2.5,,,
2/16/20,Ace Ventura: Pet Detective,1994,Tom Shadyac,1.5,,,
2/18/20,Total Recall,1990,Paul Verhoeven,2.5,,,
2/20/20,The General,1926,"Buster Keaton, Clyde Bruckman",3,,,
2/21/20,The Cabin in the Woods,2011,Drew Goddard,3.5,,,
2/22/20,The Death of Stalin,2017,Armando Iannucci,3.5,,,
2/22/20,The Ring,2002,Gore Verbinski,3,,,
2/22/20,Raise the Red Lantern,1991,Zhang Yimou,5,,,
2/23/20,Chicken Run,2000,"Nick Park, Peter Lord",2.5,,,
2/24/20,Before Sunset,2004,Richard Linklater,3,,,
2/24/20,Marriage Story,2019,Noah Baumbach,3.5,,,
2/26/20,"Planes, Trains and Automobiles",1987,John Hughes,3,,,
3/1/20,The Pianist,2002,Roman Polanski,3,,,
3/1/20,The Karate Kid,1984,John G Avildsen,3,,,
3/2/20,"I, Tonya",2017,Craig Gillespie,2.5,,,
3/3/20,Bone Tomahawk,2015,S. Craig Zahler,3,,,
3/3/20,A Quiet Place,2018,John Krasinski,1.5,,,
3/4/20,The Intouchables,2011,"Olivier Nakache, Éric Toledano",3,,,
3/4/20,Frances Ha,2012,Noah Baumbach,3,,,
3/5/20,Dead Poets Society,1989,Peter Weir,3,,,
3/5/20,"Food, Inc.",2008,Robert Kenner,3,,,
3/6/20,Fahrenheit 9/11,2004,Michael Moore,2.5,,,
3/6/20,Super Size Me,2004,Morgan Spurlock,3,,,
3/7/20,In the Heat of the Night,1967,Norman Jewison,3.5,,,
3/7/20,Mad Max: Fury Road,2015,George Miller,4.5,,,
3/9/20,Downfall,2004,Oliver Hirschbiegel,2,,,
3/9/20,The Babadook,2014,Jennifer Kent,3,,,
3/10/20,Kramer vs. Kramer,1979,Robert Benton,3,,,
3/11/20,Embrace of the Serpent,2015,Ciro Guerra,2.5,,,
3/12/20,Inglourious Basterds,2009,Quentin Tarantino,3.5,,,
3/13/20,Uncut Gems,2019,"Josh Safdie, Benny Safdie",4.5,,,
3/13/20,You Were Never Really Here,2017,Lynne Ramsay,3,,,
3/15/20,Rear Window,1954,Alfred Hitchcock,3.5,,,
3/15/20,Natural Born Killers,1994,Oliver Stone,3.5,,,
3/16/20,The Lion King,2019,Jon Favreau,3,,,
3/16/20,Brave,2012,"Brenda Chapman, Mark Andrews",3,,,
3/17/20,Toy Story 3,2010,Lee Unkrich  ,3.5,,,
3/18/20,Jojo Rabbit,2019,Taika Waititi,3,,,
3/18/20,Psycho,1960,Alfred Hitchcock,4,,,
3/19/20,Pride and Prejudice,2005,Joe Wright,4,,,
3/20/20,The Conversation,1974,Francis Ford Coppola,2,,,
3/20/20,The Breakfast Club,1985,John Hughes,1.5,,,
3/21/20,The Birds,1963,Alfred Hitchcock,2,,,
3/21/20,The New World,2005,Terrence Malick,4,,,
3/22/20,Casino,1995,Martin Scorsese,4,,,
3/22/20,Elizabeth,1998,Shekhar Kapur,2.5,,,
3/23/20,My Neighbor Totoro,1988,Hayao Miyazaki,3.5,,,
3/23/20,Forrest Gump,1994,Robert Zemeckis,4.5,,,
3/24/20,Eighth Grade,2018,Bo Burnham,3,,,
3/24/20,Hot Fuzz,2007,Edgar Wright,2,,,
3/25/20,Army of Darkness,1992,Sam Raimi,1,,,
3/25/20,Dazed and Confused,1993,Richard Linklater,3.5,,,
3/26/20,8 Mile,2002,Curtis Hanson,1.5,,,
3/26/20,Scarface,1983,Brain De Palma,3,,,
3/27/20,Wreck-It Ralph,2012,Rich Moore,3.5,,,
3/27/20,Dances With Wolves,1990,Kevin Costner,4,,,
3/28/20,Moneyball,2011,Bennett Miller,2.5,,,
3/29/20,Vertigo,1958,Alfred Hitchcock,3,,,
3/29/20,Ernest and Celestine,2012,"Benjamin Renner, Vincent Patar, Stéphane Aubier",2,,,
3/30/20,"O' Brother, Where Art Thou?",2000,"Ethan Coen, Joel Coen",3,,,
3/30/20,Master and Commander: The Far Side of the World,2003,Peter Weir,2.5,,,
3/30/20,The Fly,1986,David Cronenberg,3.5,,,
3/31/20,Little Big Man,1970,Arthur Penn,2,,,
3/31/20,Saturday Night Fever,1977,John Badham,1.5,,,
4/1/20,Born on the Fourth of July,1989,Oliver Stone,3,,,
4/2/20,Alice in Wonderland,2010,Tim Burton,2,,,
4/2/20,The Blues Brothers,1980,John Landis,1.5,,,
4/2/20,Manhattan,1979,Woody Allen,3.5,,,
4/2/20,Red Sorghum,1987,Zhang Yimou,3.5,,,
4/3/20,Sideways,2004,Alexander Payne,3,,,
4/3/20,The Untouchables,1987,Brian De Palma,2,,,
4/4/20,21 Jump Street,2012,"Phil Lord, Chris Miller",1.5,,,
4/5/20,Once Upon a Time in the West,1968,Sergio Leone,2,,,
4/5/20,Cloverfield,2008,Matt Reeves,3,,,
4/6/20,To Catch a Thief,1955,Alfred Hitchcock,3,,,
4/7/20,The Man Who Fell to Earth,1976,Nicolas Roeg,2,,,
4/7/20,The Assassin,2015,Hou Hsiao-Hsien,2,,,
4/9/20,Spider-Man,2002,Sam Raimi,1.5,,,
4/10/20,Lost Highway,1997,David Lynch,3.5,,,
4/10/20,The Girl with the Dragon Tattoo,2011,David Fincher,3.5,,,
4/11/20,Spring Breakers,2012,Harmony Korine,3,,,
4/11/20,Good Time,2017,"Josh Safdie, Benny Safdie",3,,,
4/12/20,Nebraska,2013,Alexander Payne,3.5,,,
4/12/20,National Treasure,2004,Jon Turteltaub,2.5,,,
4/13/20,Bram Stoker's Dracula,1992,Francis Ford Coppola,3,,,
4/15/20,The Big Short,2015,Adam McKay,1.5,,,
4/16/20,Murder on the Orient Express,1974,Sidney Lumet,3,,,
4/17/20,Train to Busan,2015,Yeon Sang-ho,1.5,,,
4/17/20,Ferris Bueller's Day Off,1986,John Hughes,1.5,,,
4/19/20,Burning,2018,Chang-dong Lee,2.5,,,
4/20/20,Intolerance: Love's Struggle Throughout the Ages,1916,D. W. Griffith,2,,,
4/21/20,The Phantom Carriage,1921,Victor Sjöström,2,,,
4/21/20,Blade Runner,1982,Ridley Scott,4,,,
4/22/20,"Girl, Interrupted",1999,James Mangold,2.5,,,
4/23/20,Sunrise: A Song of Two Humans,1927,F. W. Murnau,3.5,,,
4/23/20,Shaun the Sheep Movie,2015,"Richard Starzak, Mark Burton",4,,,
4/24/20,Prisoners,2013,Denis Villeneuve,5,,,
4/25/20,Holy Motors,2012,Leos Carax,1.5,,,
4/26/20,Candyman,1992,Bernard Rose,2.5,,,
4/27/20,Häxan,1922,Benjamin Christensen,3,,,
4/28/20,Sherlock Jr.,1924,Buster Keaton,4,,,
4/28/20,Dial M For Murder,1954,Alfred Hitchcock,2,,,
4/28/20,Ghostbusters,1984,Ivan Reitman,1.5,,,
4/29/20,Empire of the Sun,1987,Steven Spielberg,2,,,
4/30/20,Picnic at Hanging Rock,1975,Peter Weir,3,,,
4/31/2020,Room,2015,Lenny Abrahamson,3.5,,,
5/1/20,Don't Look Now,1973,Nicolas Roeg,2.5,,,
5/2/20,Only God Forgives,2013,Nicolas Winding Refn,3.5,,,
5/2/20,American Graffiti,1973,George Lucas,2.5,,,
5/3/20,Un Chien Andalou,1929,Luis Buñuel,2.5,,,
5/4/20,Charade,1963,Stanley Donen,3,,,
5/4/20,What We Do in the Shadows,2014,"Taika Waititi, Jemaine Clement",4,,,
5/5/20,Terms of Endearment,1983,James L. Brooks,2.5,,,
5/7/20,My Darling Clementine,1946,John Ford,2.5,,,
5/7/20,Swiss Army Man,2016,"Daniel Kwan, Daniel Scheinert",1,,,
5/8/20,The Last Temptation of Christ,1988,Martin Scorsese,2.5,,,
5/8/20,Before Midnight,2013,Richard Linklater,3,,,
5/12/20,Russian Ark,2002,Alexander Sokurov,1.5,,,
5/13/20,Boyz n the Hood,1991,John Singleton,2.5,,,
5/15/20,Dallas Buyers Club,2013,Jean-Marc Vallée,3,,,
5/17/20,North By Northwest,1959,Alfred Hitchcock,2.5,,,
5/18/20,Repulsion,1965,Roman Polanski,3,,,
5/19/20,Deep Red,1975,Dario Argento,3,,,
5/21/20,Cinema Paradiso,1988,Giuseppe Tornatore,3,,,
5/22/20,A Girl Walks Home Alone at Night,2014,Ana Lily Amirpour,3,,,
5/23/20,Hostiles,2017,Scott Cooper,3.5,,,
5/24/20,Hero,2002,Zhang Yimou,1.5,,,
5/25/20,Babel,2006,Alejandro González Iñárritu,3,,,
5/26/20,The Umbrellas of Cherbourg,1964,Jacques Demy,2.5,,,
5/28/20,Vagabond,1985,Agnès Varda,3.5,,,
5/29/20,Ugetsu,1953,Kenji Mizoguchi,3.5,,,
5/29/20,Ace in the Hole,1951,Billy Wilder,3,,,
5/31/20,Grey Gardens,1975,"Albert Maysles, David Maysles, Ellen Hovde, Muffie Meyer",2.5,,,
6/3/20,Yojimbo,1961,Akira Kurosawa,3,,,
6/4/20,Cleo From 5 to 7,1962,Agnès Varda,3.5,,,
6/4/20,Under the Silver Lake,2018,David Robert Mitchell,2,,,
6/5/20,The Marriage of Maria Braun,1978,Rainer Werner Fassbinder,2,,,
6/5/20,Beauty and the Beast,1946,Jean Cocteau,3,,,
6/6/20,House,1977,Nobuhiko Obayashi,4,,,
6/6/20,The Spirit of the Beehive,1973,Víctor Erice,2,,,
6/7/20,Throne of Blood,1957,Akira Kurosawa,3,,,
6/8/20,Come and See,1985,Elem Klimov,4.5,,,
6/8/20,The Age of Innocence,1993,Martin Scorsese,3,,,
6/10/20,Anatomy of a Murder,1959,Otto Preminger,3,,,
6/10/20,Echo in the Canyon,2018,Andrew Slater,2.5,,,
6/10/20,La Haine,1995,Mathieu Kassovitz,3,,,
6/10/20,Shoplifters,2018,Hirokazu Koreeda,3.5,,,
6/11/20,To Be or Not To Be,1942,Ernst Lubitsch,3,,,
6/12/20,Willy Wonka & the Chocolate Factory,1971,Mel Stuart,2,,,
6/13/20,Close-Up,1990,Abbas Kiarostami,2.5,,,
6/13/20,Django Unchained,2012,Quentin Tarantino,3.5,,,
6/15/20,Uncle Boonmee Who Can Recall His Past Lives,2010,Apichatpong Weerasethakul,2,,,
6/16/20,Cronos,1993,Guillermo Del Toro,3,,,
6/20/20,The Life and Death of Colonel Blimp,1943,"Michael Powell, Emeric Pressburger",2,,,
6/22/20,Sans Soleil,1983,Chris Marker,2.5,,,
6/23/20,Mirror,1974,Andrei Tarkovsky,2,,,
6/25/20,Pierrot le Fou,1965,Jean-Luc Godard,3.5,,,
6/27/20,Hiroshima mon amour,1959,Alain Resnais,3.5,,,
6/27/20,Ponyo,2008,Hayao Miyazaki,3,,,
6/27/20,The 101 Dalmations,1961,"Wolfgang Reitherman, Clyde Geronimi, Hamilton Luske",4.5,,,
6/27/20,The Lighthouse,2019,Robert Eggers,4,,,
6/29/20,The Stagecoach,1939,John Ford,2.5,,,
7/2/20,A Brighter Summer Day,1991,Edward Yang,2,,,
7/2/20,Fruitvale Station,2013,Ryan Coogler,3,,,
7/3/20,And the Whole Sky Fit in the Dead Cow's Eye,2016,Francisca Alegria,2.5,,,
7/3/20,The Maltese Falcon,1941,John Huston,2.5,,,
7/4/20,It Follows,2014,It Follows,2,,,
7/6/20,The Irishman,2019,Martin Scorsese,2,,,
7/7/20,The Diving Bell and the Butterfly,2007,Julian Schnabel,3,,,
7/7/20,Sleepless in Seattle,1993,Nora Ephron,2.5,,,
7/9/20,Nosferatu the Vampyre,1979,Werner Herzog,2.5,,,
7/11/20,Rebecca,1940,Alfred Hitchcock,3,,,
7/12/20,Rushmore,1998,Wes Anderson,1.5,,,
7/13/20,Long Day's Journey Into Night,2019,Bi Gan,2,,,
7/15/20,Zero Dark Thirty,2012,Kathryn Bigelow,3.5,,,
7/16/20,The Lady Eve,1941,Preston Sturges,3.5,,,
7/18/20,Life of Pi,2012,Ang Lee,3,,,
7/19/20,The Life Aquatic with Steve Zissou,2004,Wes Anderson,2.5,,,
7/21/20,All Quiet on the Western Front,1930,Lewis Milestone,3.5,,,
7/23/20,War Horse,2011,Steven Spielberg,1.5,,,
7/23/20,The Others,2001,Alejandro Amenábar,2,,,
7/24/20,Catch Me If You Can,2002,Steven Spielberg,3.5,,,
7/25/20,The Bride of Frankenstein,1935,James Whale,3,,,
7/25/20,Apocalypto,2006,Mel Gibson,3.5,,,
7/26/20,The Hills Have Eyes,1977,Wes Craven,3,,,
7/28/20,2046,2004,Wong Kar-wai,2.5,,,
7/30/20,The Mummy,1999,Stephen Sommers,2.5,,,
7/30/20,Knives Out,2019,Rian Johnson,3.5,,,
8/1/20,Spartacus,1960,Stanley Kubrick,3,,,
8/3/20,Phantom Thread,2017,Paul Thomas Anderson,3,,,
8/4/20,Dracula,1931,"Tod Browning, Karl Freund",2,,,
8/4/20,Lion,2016,Garth Davis,3.5,,,
8/5/20,Cube,1997,Vincenzo Natali,3.5,,,
8/5/20,The Notebook,2004,Nick Cassavetes,2.5,,,
8/6/20,Marie Antoinette,2006,Sofia Coppola,3.5,,,
8/7/20,Ralph Breaks the Internet,2018,"Rich Moore, Phil Johnston",2,,,
8/7/20,The Red Turtle,2016,Michaël Dudok de Wit,3.5,,,
8/8/20,The Sting,1973,George Roy Hill,2.5,,,
8/9/20,The Bourne Identity,2002,Doug Liman,2.5,,,
8/10/20,Jodorowsky's Dune,2013,Frank Pavich,4,,,
8/11/20,The Way Back,2010,Peter Weir,3,,,
8/12/20,The Hateful Eight,2015,Quentin Tarantino,4,,,
8/12/20,Butch Cassidy and the Sundance Kid,1969,George Roy Hill,2.5,,,
8/13/20,"The Cook, the Thief, His Wife & Her Lover",1989,Peter Greenaway,3,,,
8/14/20,Frida,2002,Julie Taymor,2.5,,,
8/14/20,The Bourne Ultimatum,2007,Paul Greengrass,2,,,
8/15/20,Sullivan's Travels,1941,Preston Sturges,2,,,
8/15/20,Tucker & Dale vs. Evil,2010,Eli Craig,2.5,,,
8/17/20,Clerks,1994,Kevin Smith,2.5,,,
8/18/20,Beetlejuice,1988,Tim Burton,1.5,,,
8/20/20,Lost Soul: The Doomed Journey of Richard Stanley's Island of Dr. Moreau,2014,David Gregory,3.5,,,
8/20/20,The Outsiders,1983,Francis Ford Coppola,2.5,,,
8/21/20,Bronson,2008,Nicolas Winding Refn,3.5,,,
8/22/20,Portrait of a Lady on Fire,2019,Céline Sciamma,4,,,
8/22/20,The Bird with the Crystal Plumage,1970,Dario Argento,1.5,,,
8/23/20,Top Gun,1986,Tony Scott,2,,,
8/24/20,The Golden Compass,2007,Chris Weitz,2,,,
8/25/20,Henry: Portrait of a Serial Killer,1986,John McNaughton,3,,,
8/26/20,Detour,1945,Edgar G. Ulmer,3.5,,,
8/27/20,Winter's Bone,2010,Debra Granik,3,,,
8/28/20,Gone Girl,2014,David Fincher,2.5,,,
8/29/20,Marathon Man,1976,John Schlesinger,2.5,,,
8/29/20,Primer,2004,Shane Carruth,1,,,
8/30/20,Starship Troopers,1997,Paul Verhoeven,3.5,,,
9/1/20,Les Misérables,2012,Tom Hooper,1.5,,,
9/1/20,Tenet,2020,Christopher Nolan,2.5,,,
9/2/20,Casino Royale,2006,Martin Campbell,3.5,,,
9/4/20,Prometheus,2012,Ridley Scott,4,,,
9/4/20,Star Trek,2009,J.J. Abrams,1.5,,,
9/4/20,Harley Quinn: Birds of Prey,2020,Cathy Yan,1.5,,,
9/5/20,Requiem For a Dream,2000,Darren Aronofsky,4,,,
9/5/20,Team America: World Police,2004,Trey Parker,3,,,
9/5/20,Dune,1984,David Lynch,1.5,,,
9/6/20,The Philadelphia Story,1940,George Cukor,3,,,
9/6/20,Ocean's Eleven,2001,Steven Soderbergh,4,,,
9/8/20,The Wild Bunch,1969,Sam Peckinpah,1.5,,,
9/8/20,A Streetcar Named Desire,1951,Elia Kazan,4.5,,,
9/8/20,Rebel Without a Cause,1955,Nicholas Ray,1.5,,,
9/9/20,Bringing Up Baby,1938,Howard Hawks,1,,,
9/9/20,The Treasure of the Sierra Madre,1948,John Huston,4,,,
9/9/20,A Hidden Life,2019,Terrence Malick,3.5,,,
9/10/20,Moulin Rouge!,2001,Baz Luhrmann,2.5,,,
9/10/20,Princess Mononoke,1997,Hayao Miyazaki,5,,,
9/11/20,Zombieland,2009,Ruben Fleischer,1.5,,,
9/12/20,If Beale Street Could Talk,2018,Barry Jenkins,3,,,
9/13/20,The Dark Knight Rises,2012,Christopher Nolan,3.5,,,
9/13/20,L'Avventura,1960,Michelangelo Antonioni,2.5,,,
9/13/20,All That Jazz,1979,Bob Fosse,2,,,
9/13/20,Grave of the Fireflies,1988,Isao Takahata,4.5,,,
9/13/20,Neon Demon,2016,Nicolas Winding Refn,3.5,,,
9/15/20,The Hunger Games: Catching Fire,2013,Francis Lawrence,2.5,,,
9/16/20,Watchmen,1009,Zack Snyder,3,,,
9/16/20,Sophie's Choice,1982,Alan J. Pakula,1.5,,,
9/17/20,The Color Purple,1985,Steven Spielberg,2.5,,,
9/18/20,Heat,1995,Michael Mann,3,,,
9/19/20,Floating Weeds,1959,Yasujirō Ozu,3,,,
9/20/20,Kick-Ass,2010,Matthew Vaughn,2.5,,,
9/21/20,Alien: Covenant,2017,Ridley Scott,2.5,,,
9/26/20,John Wick: Chapter 2,2017,Chad Stahelski,3,,,
9/26/20,Toy Story 2,1999,John Lasseter,3,,,
9/27/20,The King,2019,David Michôd,3.5,,,
9/29/20,Ordinary People,1980,Robert Redford,1.5,,,
10/2/20,A Royal Affair,2012,Nikolaj Arcel,2.5,,,
10/5/20,The Killing of a Sacred Deer,2017,Yorgos Lanthimos,2,,,
10/5/20,Quantum of Solace,2008,Marc Forster,2,,,
10/6/20,La Souriante Madame Beudet,1923,Germaine Dulac,2.5,,,
10/8/20,L'Age d'Or,1930,Luis Buñuel,3,,,
10/9/20,Harry Potter and the Sorcerer's Stone,2001,Chris Columbus,3,,,
10/9/20,Harry Potter and the Prisoner of Azkaban,2004,Alfonso Cuarón,3,,,
10/10/20,Mandy,2018,Panos Cosmatos,2.5,,,
10/13/20,Under the Roofs of Paris,1930,René Clair,2,,,
10/15/20,La Bête Humaine,1938,Jean Renoir,2.5,,,
10/18/20,Harry Potter and the Chamber of Secrets,2002,Chris Columbus,2,,,
10/19/20,Videodrome,1983,David Cronenberg,3,,,
10/20/20,Creep,2014,Patrick Kack-Brice,3,,,
10/22/20,Children of Paradise,1945,Marcel Carné,3.5,,,
10/22/20,Borat,2006,Larry Charles,3.5,,,
10/24/20,Wind River,2017,Taylor Sheridan,2.5,,,
10/26/20,Harry Potter and the Goblet of Fire,2005,Mike Newell,3.5,,,
10/28/20,Monty Python and the Holy Grail,1975,"Terry Gilliam, Terry Jones",4,,,
10/29/20,Monsieur Hulot's Holiday,1953,Jacques Tati,3,,,
10/29/20,Harry Potter and the Order of the Phoenix,2007,David Yates,3.5,,,
10/31/20,Harry Potter and the Half-Blood Prince,2009,David Yates,3,,,
11/2/20,Blue Valentine,2010,Derek Cianfrance,3,,,
11/3/20,Pickpocket,1959,Robert Bresson,1.5,,,
11/7/20,Borat Subsequent Moviefilm,2020,Jason Woliner,3.5,,,
11/10/20,Fallen Angels,1995,Wong Kar-wai,4,,,
11/12/20,Elevator to the Gallows,1958,Louis Malle,3.5,,,
11/14/20,The Fifth Element,1997,Luc Besson,1.5,,,
11/16/20,Rise of the Planet of the Apes,2011,Rupert Wyatt,2,,,
11/22/20,Birdman,2014,Alejandro González Iñárritu,3,,,
11/24/20,Full Moon in Paris,1984,Éric Rohmer,1.5,,,
11/30/20,Jules and Jim,1962,François Truffaut,3.5,,,
12/1/20,Diva,1981,Jean-Jacques Beineix,3,,,
12/3/20,Under the Sand,2000,François Ozon,3,,,
12/4/20,Meek's Cutoff,2010,Kelly Reichardt,2.5,,,
12/6/20,Argo,2012,Ben Affleck,2.5,,,
12/7/20,The City of Lost Children,1995,"Jean-Pierre Jeunet, Marc Caro",1,,,
12/9/20,Begin Again,2013,John Carney,3,,,
12/12/20,Selma,2014,Ava DuVernay,3,,,
12/16/20,Das Boot,1981,Wolfgang Petersen,2.5,,,
12/16/20,Home Alone,1990,Chris Columbus,2.5,,,
12/17/20,Gentlemen Prefer Blondes,1953,Howard Hawks,3.5,,,
12/20/20,An American in Paris,1951,Vincente Minnelli,3,,,
12/22/20,Out of Africa,1985,Sydney Pollack,2.5,,,
12/22/20,Emma,2020,Autumn de Wilde,2.5,,,
12/24/20,The Fountain,2006,Darren Aronofsky,1.5,,,
12/24/20,Showgirls,1995,Paul Verhoeven,3.5,,,
12/25/20,Bullitt,1968,Peter Yates,1.5,,,
12/27/20,Who's Afraid of Virginia Woolf?,1966,Mike Nichols,3,,,
12/27/20,Black Orpheus,1959,Marcel Camus,3.5,,,
12/29/20,The Desolation of Smaug,2013,Peter Jackson,1.5,,,
12/30/20,American Hustle,2013,David O. Russell,2,,,
12/31/20,Gran Torino,2008,Clint Eastwood,2,,,
1/1/21,Tales of Earthsea,2006,Gorō Miyazaki,1.5,,,
1/2/21,Cast Away,2000,Cast Away,3.5,,,
1/4/21,THX 1138,1971,George Lucas,1.5,,,
1/5/21,The Lego Movie,2014,"Chris Miller, Phil Lord",1,,,
1/16/21,Atomic Blonde,2017,David Leitch,2,,,
1/17/21,Dead Man,1995,Jim Jarmusch,2,,,
1/19/21,From Up on Poppy Hill,2011,Gorō Miyazaki,3.5,,,
1/24/21,East of Eden,1955,Elia Kazan,2.5,,,
1/30/21,The King of Comedy,1982,Martin Scorsese,4,,,
1/30/21,The Place Beyond the Pines,2012,Derek Cianfrance,2,,,
2/1/21,Whisper of the Heart,1995,Yoshifumi Kondō,3,,,
2/4/21,3:10 to Yuma,2007,James Mangold,3,,,
2/7/21,Pather Panchali,1955,Satyajit Ray,3.5,,,
2/10/21,The Lobster,2015,Yorgos Lanthimos,2,,,
2/15/21,The Wind Rises,2013,Hayao Miyazaki,2,,,
2/24/21,The Rules of the Game,1939,Jean Renoir,1.5,,,
2/26/21,Ocean Waves,1993,Tomomi Mochizuki,3,,,
3/1/21,1984,1984,Michael Radford,3.5,,,
3/5/21,Coherence,2013,James Ward Byrkit,3.5,,,
3/8/21,A Woman Under the Influence,1974,John Cassavetes,3.5,,,
3/16/21,Dredd,2012,Pete Travis,3,,,
3/22/21,Shutter Island,2010,Martin Scorsese,3,,,
3/22/21,Another Round,2020,Thomas Vinterberg,4,,,
3/22/21,Contact,1997,Robert Zemeckis,1.5,,,
3/23/21,Beasts of No Nation,2015,Cary Joji Fukunaga,4,,,
3/24/21,The Princess Bride,1987,Rob Reiner,2.5,,,
3/26/21,Nomadland,2020,Chloé Zhao,2.5,,,
3/30/21,Collateral,2004,Michael Mann,2,,,
4/1/21,La Strada,1954,Federico Fellini,3.5,,,
4/6/21,Captain Fantastic,2016,Matt Ross,2.5,,,
4/8/21,Edward Scissorhands,1990,Tim Burton,3,,,
4/10/21,Hoop Dreams,1994,Steve James,3.5,,,
4/13/21,Minari,2020,Lee Isaac Chung,3.5,,,
4/14/21,The Godfather Coda: The Death of Michael Corleone,1990,Francis Ford Coppola,3,,,
4/17/21,The Rocky Horror Picture Show,1975,Jim Sharman,2,,,
4/18/21,Paris is Burning,1990,Jennie Livingston,4,,,
4/19/21,A Hard Day's Night,1964,Richard Lester,1.5,,,
4/21/21,Amadeus,1984,Miloš Forman,3.5,,,
4/22/21,The Tale of the Princess Kaguya,2013,Isao Takahata,2,,,
4/27/21,Birds of Passage,2018,"Ciro Guerra, Cristina Gallego",2,,,
5/7/21,The Killing of a Chinese Bookie,1976,John Cassavetes,3,,,
5/11/21,The Searchers,1956,John Ford,1.5,,,
5/13/21,500 Days of Summer,2009,Marc Webb,3,,,
5/14/21,Belle de Jour,1967,Luis Buñuel,4,,,
5/15/21,The Hobbit: An Unexpected Journey,2012,Peter Jackson,1.5,,,
5/16/21,Happy Together,1997,Wong Kar-wai,3,,,
5/23/21,The Killing Fields,1984,Roland Joffé,3.5,,,
5/28/21,"Spring, Summer, Fall, Winter... and Spring",2004,Kim Ki-duk,3.5,,,
6/2/21,El Topo,1970,Alejandro Jodorowsky,2.5,,,
6/3/21,The Holy Mountain,1973,Alejandro Jodorowsky,3.5,,,
6/6/21,Lolita,1962,Stanley Kubrick,4,,,
6/11/21,The French Connection,1971,William Friedkin,3,,,
6/12/21,The Sound of Metal,2019,Darius Marder,3,,,
6/19/21,Indiana Jones and the Last Crusade,1989,Steven Spielberg,4,,,
6/20/21,The Best Years of Our Lives,1946,William Wyler,1.5,,,
6/22/21,Kes,1969,Ken Loach,3.5,,,
6/24/21,Notorious,1946,Alfred Hitchcock,2,,,
6/25/21,Mud,2013,Jeff Nichols,1.5,,,
6/28/21,John Wick,2014,Chad Stahelski,3.5,,,
7/2/21,Death Proof,2007,Quentin Tarantino,2.5,,,
7/3/21,Tropic Thunder,2008,Ben Stiller,1.5,,,
7/4/21,Baraka,1992,Ron Fricke,3,,,
7/5/21,Flowers of Shanghai,1998,Hou Hsiao-Hsien,2,,,
7/6/21,Zola,2021,Janicza Bravo,4.5,,,
7/8/21,Unbreakable,2000,M. Night Shyamalan,1.5,,,
7/10/21,Memoirs of a Geisha,2005,Rob Marshall,2.5,,,
7/10/21,Planet of the Apes,1968,Franklin J. Schaffner,2.5,,,
7/13/21,Westworld,1973,Michael Crichton,3,,,
7/15/21,Signs,2002,M. Night Shyamalan,2,,,
7/19/21,"Sex, Lies, and Videotape",1989,Steven Soderbergh,4,,,
7/23/21,McCabe & Mrs. Miller,1971,Robert Altman,3,,,
7/27/21,The Last King of Scotland,2006,Kevin Macdonald,2.5,,,